vhash,creation_date,type_description,type_tag,meaningful_name,size,sha256,type_extension,sha1,md5
016056655d1c0510d043z8003d7z47z62z3ffz,1544912681,Win32 EXE,peexe,TProRecorderInstaller.exe,1348507,aadc7e960d67cd37ef224c77117c9be140300c6d638b16d649dadee22e03b94d,exe,2ea71961de2ecf6f27066dd8b7a4140f95cc04ae,00417653f6245dd39f114e4ad093b43f
016056655d1c0510d043z8003d7z47z62z3ffz,1544912681,Win32 EXE,peexe,TProRecorderInstaller.exe,1348507,aadc7e960d67cd37ef224c77117c9be140300c6d638b16d649dadee22e03b94d,exe,2ea71961de2ecf6f27066dd8b7a4140f95cc04ae,00417653f6245dd39f114e4ad093b43f
016056655d1c0510d043z8003d7z47z62z3ffz,1544912681,Win32 EXE,peexe,TProRecorderInstaller.exe,1348507,aadc7e960d67cd37ef224c77117c9be140300c6d638b16d649dadee22e03b94d,exe,2ea71961de2ecf6f27066dd8b7a4140f95cc04ae,00417653f6245dd39f114e4ad093b43f
016056655d1c0510d043z8003d7z47z62z3ffz,1544912681,Win32 EXE,peexe,TProRecorderInstaller.exe,1348507,aadc7e960d67cd37ef224c77117c9be140300c6d638b16d649dadee22e03b94d,exe,2ea71961de2ecf6f27066dd8b7a4140f95cc04ae,00417653f6245dd39f114e4ad093b43f
036086655d55151d157560b012z6200a56z150e5za0600e53z19z,1626278685,Win32 EXE,peexe,LittleEggSetup.exe,3813280,86eca2f6c3c53fd1325206b810b0cb2b6ee43ba77cdd918993ff2de8f3dccd67,exe,1cf24f747b48957fb0c36914a2b81142357d5484,c70889b47133396c23d32dd6c5720325
036086655d55151d157560b012z6200a56z150e5za0600e53z19z,1626278685,Win32 EXE,peexe,LittleEggSetup.exe,3813280,86eca2f6c3c53fd1325206b810b0cb2b6ee43ba77cdd918993ff2de8f3dccd67,exe,1cf24f747b48957fb0c36914a2b81142357d5484,c70889b47133396c23d32dd6c5720325
036086655d55151d157560b012z6200a56z150e5za0600e53z19z,1626278685,Win32 EXE,peexe,LittleEggSetup.exe,3813280,86eca2f6c3c53fd1325206b810b0cb2b6ee43ba77cdd918993ff2de8f3dccd67,exe,1cf24f747b48957fb0c36914a2b81142357d5484,c70889b47133396c23d32dd6c5720325
016066655d1555555210b02002300a56z161d013zf2za2030e039z,1608738692,Win32 EXE,peexe,XYplorer.exe,1009152,cd2f8f60012f169a4501c6074f6e7599b239a101ca0fec806dad912f2c3bb4af,exe,ff505f36c8b591bf43c92171811135c008c5d26a,2c5140076bf00c3d77c30e4849107ae9
016066655d1555755210b02002300a56z161d013zf2za2030e039z,1625133789,Win32 EXE,peexe,visitors.date.facebook.com,1180160,011b618d3d52261a4136201388020f1b9c98b43415a2c29f6e33cd3d7964938b,exe,977146cb7e43e70ab6d586b2d891f9026b3db68f,d3d79f8f3809ae58a8d030de3f0f8abc
125056655d15156az51nz1ez4,1626279843,Win32 DLL,pedll,converter_x86.dll,206336,e68f11685b0a74d8b6f57647aadf97977c35fd7d774de64b5360961677c3ed33,dll,e9919b2cbacb4b8ccfcc0e7896237d3ad172f2a5,3493dcc0edda5e30e26aa552d7edcc8c
1260b6551d15657f1e1e1bzc?z1,1595080050,Win32 DLL,pedll,EMP.dll,2736936,efe782f2d88b8c5e7abb382bfe94fb20e14a57ec548d92693493f185b4e15bb2,dll,fc930bfe940413c5c86020c1089ca0f3732a7789,5ee0a1bca69f9d0d1f9a24923e52f01b
014056651d15555bzejz2jz,1625788140,Win32 EXE,peexe,svtplay-dl.exe,11776,c86ffe34fc33bd6bd456c2edb09cda8ffecdadb55e6c28454ab07f366f1e249e,exe,fdb17621716119295cfb556cf1356dc289e15fae,638289a3e2fadb26fb06e2ca54b923fa
016046655d15714022z2a00b37z907023z808005b03dz,1622016,Win32 EXE,peexe,KInstallTool,1766544,05595eae414f08ce57569ae338d12a373caf9b56970150987cd2db78ae05659c,exe,29d842fc4af2017d262997b262b8bd7aeee4e098,ac1e50e69e4b74ef020de708e32ac8bd
016046655d15714022z2a00b37z907023z808005b03dz,1622016,Win32 EXE,peexe,KInstallTool,1766544,05595eae414f08ce57569ae338d12a373caf9b56970150987cd2db78ae05659c,exe,29d842fc4af2017d262997b262b8bd7aeee4e098,ac1e50e69e4b74ef020de708e32ac8bd
016046655d15714022z2a00b37z907023z808005b03dz,1622016,Win32 EXE,peexe,KInstallTool,1766544,05595eae414f08ce57569ae338d12a373caf9b56970150987cd2db78ae05659c,exe,29d842fc4af2017d262997b262b8bd7aeee4e098,ac1e50e69e4b74ef020de708e32ac8bd
0370c76d1565155c055d5291z10a3100b29c022z22185zf2z8d03001d236zb,1530632842,Win32 EXE,peexe,SlidesLive.exe,34615296,16e61b14763506b61a130cb0cd828f74d90817b399f358d55a97644149909382,exe,95916f0e08e38ba203c795d382e40a2ea3c6e8ac,6ff884b56ad339d184f79527aca7db47
126056655d155557z1003iz12z14z102020035001,1613712657,Win32 DLL,pedll,Main.dll,2014720,d7faa9c4ea32c5dbea4278e260963513390bfbf82515c9d7876fbeddd146f10e,dll,6a56b8febb52894e55b81895441d529c43a92265,929c7f7e7770f2e7cde00a04cc91854e
215036756512f097243550410,3712164621,Win32 EXE,peexe,EasyMC.exe,185856,2c5f35fd3dff5f80300525b4be72821eaed7cc000b483212460685efc7ad6047,exe,76a78040f517f28986525cfe70f8f6271c19f0ad,fad38e650676e9486bd4456ad15d1f3f
215036756512f097243550410,3712164621,Win32 EXE,peexe,EasyMC.exe,185856,2c5f35fd3dff5f80300525b4be72821eaed7cc000b483212460685efc7ad6047,exe,76a78040f517f28986525cfe70f8f6271c19f0ad,fad38e650676e9486bd4456ad15d1f3f
016066651d1c0555109043z800467z47z62z4403dz,1330111204,Win32 EXE,peexe,4a3b354018901a0c04da4045ff77d1b52b460e3928c724286f38f0aa6a2a.bin,1449176,98994a3b354018901a0c04da4045ff77d1b52b460e3928c724286f38f0aa6a2a,exe,de7735af6e4f722040ad782034ff92965d64b11e,7c6daa2a0b2e2a7911b749132ef4c2cf
0750866d1c0d1c051505105016z1c9z5bz1fz,708992537,Win32 EXE,peexe,minecraft 1.exe,794016,ed76dd949435bde965ed256494c4072b7304d4ff285149977cd21e216d0e650e,exe,9af897669cd49c0a03f0ee058c94d6ccd580a0e3,cefd0b6a81c8a58e1696ae7cf4fb0868
014056655d15156058z1bdz1pz,1626708343,Win32 EXE,peexe,desinstalaGHC.exe,19456,3d17e2b228f4fa783f6663378d8f32c0bc8859efb358a574bd484dad3b243c7b,exe,c1df9689f788fa26115519fc5e36b8b29fc2218c,f38b3602203ae1e7ca6e875f6510abb3
014056655d15156058z1bdz1pz,1626708343,Win32 EXE,peexe,desinstalaGHC.exe,19456,3d17e2b228f4fa783f6663378d8f32c0bc8859efb358a574bd484dad3b243c7b,exe,c1df9689f788fa26115519fc5e36b8b29fc2218c,f38b3602203ae1e7ca6e875f6510abb3
014056655d15156058z1bdz1pz,1626708343,Win32 EXE,peexe,desinstalaGHC.exe,19456,3d17e2b228f4fa783f6663378d8f32c0bc8859efb358a574bd484dad3b243c7b,exe,c1df9689f788fa26115519fc5e36b8b29fc2218c,f38b3602203ae1e7ca6e875f6510abb3
0360a6666d6c0d5d151c0161e020051z9401023zf125z92zbe03cz3,1605433712,Win32 EXE,peexe,software.tmp,3232768,61fbf0a6084bd7bab3ed214f1c372a569af302ee353e59ddb4f9f65436bf9b55,exe,749822f7891caaca3fcda698a1f3a88afa76b26c,34fb289e9fee64cd7d4b588f0af35a87
0360a6666d6c0d5d151c0161e020051z9401023zf125z92zbe03cz3,1605433712,Win32 EXE,peexe,software.tmp,3232768,61fbf0a6084bd7bab3ed214f1c372a569af302ee353e59ddb4f9f65436bf9b55,exe,749822f7891caaca3fcda698a1f3a88afa76b26c,34fb289e9fee64cd7d4b588f0af35a87
036056655d55756150100106200b26z150e5zb0600e63z11d7z,1626261464,Win32 EXE,peexe,TelevisionShowSetup.exe,3933120,a47954555f138b6c951091477cc08659d10eb2e16894a2b0de60ce84d4b5f68e,exe,f17d0da1e8a9dc0f60aff36c15e89b08c2e55aba,b27bf3dcf7f6befc64b03106b7ec35a4
036056655d55756150100106200b26z150e5zb0600e63z11d7z,1626261464,Win32 EXE,peexe,TelevisionShowSetup.exe,3933120,a47954555f138b6c951091477cc08659d10eb2e16894a2b0de60ce84d4b5f68e,exe,f17d0da1e8a9dc0f60aff36c15e89b08c2e55aba,b27bf3dcf7f6befc64b03106b7ec35a4
037046655d155az89!z,1454528305,Win32 EXE,peexe,KOMIDocOfficeManager_6.1.5-33_EN.exe,30687854,a5f742d87a8d32cfca77bde99e0eb1cb4cbd0051de5357dbbb7f51db2a85fee4,exe,3da916a5d85107594a903c42794017b5e675f092,fee6f18453719080e90c4690449a02f1
037046655d155az89!z,1454528305,Win32 EXE,peexe,KOMIDocOfficeManager_6.1.5-33_EN.exe,30687854,a5f742d87a8d32cfca77bde99e0eb1cb4cbd0051de5357dbbb7f51db2a85fee4,exe,3da916a5d85107594a903c42794017b5e675f092,fee6f18453719080e90c4690449a02f1
01503e0f7d11z13z11z6015z1015z13z1fz,1303990700,Win32 EXE,peexe,setup,162272,295ef9ecd464a3ce3956b44088f1dcbd97e1eb2699623c606ae34ef9f918523c,exe,3a580b432f5de7336478768b3e05313a03e6d21b,705e0de4275efc3f1fed585a3c35a247
29503675551380e16b37eb480,1626997764,Win32 EXE,peexe,MutexAuditRu.exe,959488,b6dfe1839752b15b2edd932dc605700d54930cfc892b4c36d650e70e05b718e4,exe,f8a38ba721421be4200f18895302f45aa78000cf,72c137efe88d3e115455378a53e1699d
066076655d155515155048z5f!z,1626080820,Win32 EXE,peexe,mitmproxy.exe,6628305,8cc7f072575cbdfff5e7892cce26991f75a69badd2cc8ad5877c71451e840385,exe,be310135d7e874f451af835759551e5763ca2e41,81db2bde8945985ce805776f4358b5ef
025056651d15556048z4cjz1jz,1626759728,Win32 EXE,peexe,PreConfigAdmin.exe,283648,938e29ed93872deed24d2f5c8317caa81b5fc51d909f89347b7d6182e269a069,exe,342c4294cd12ac69f1d42580fa9749490fb4c18f,90b6f298a9dad5dc43220c056f09e246
046056655d5c05709043z8003b7z47z62z3e03dz,1260053446,Win32 EXE,peexe,utorrent_setup.exe,4059200,0663af4692e19081e3afa8641ee7b9be3a54ec26c88a02bfee5265717c7037df,exe,6f7a53b769c9dc414c573ea9f13e51207a84673b,b54dbd344f0d32e443a3273377b0dc99
0750866d1c0d5c051565603172z36002a7z203bz403dz,708992537,Win32 EXE,peexe,doc_11900353674765345789.scr,754176,ce7631ce4c2db623fb57e48426d6af3688df480f79ab73d70668b8ac4529f504,exe,b16a1b7d39f8ff79dcb1b9659abe5ebec65907b0,e97095f7a58ca1c6c583bbd8ece4f6f4
016066651d1c0575709043z800467z47z62z4403dz,1330111204,Win32 EXE,peexe,C1F8A53FC91C813B1D8A66D70D30E2C9.exe,1318912,1d0f57d2f0c24b6812f56b29d74b40bf48a90d4b0824f9e66e60c7de7fd48a4b,exe,6f71d7ec77a265ed519ff1f3abe25005d4c92992,c1f8a53fc91c813b1d8a66d70d30e2c9
016046655d15103013zb005d215z3045z72z37fz,1336649870,Win32 EXE,peexe,7ZSfxMod_x86.exe,1780029,22c433831f5e952c23dbd74259245eb1ac041c1afe09cf624f86eb7c8262edb0,exe,b4e8176583c8a9a13f642cddd1f5312987d552df,e196045028aeb44a874a1b7eb0d3a76f
016046655d15103013zb005d215z3045z72z37fz,1336649870,Win32 EXE,peexe,7ZSfxMod_x86.exe,1780029,22c433831f5e952c23dbd74259245eb1ac041c1afe09cf624f86eb7c8262edb0,exe,b4e8176583c8a9a13f642cddd1f5312987d552df,e196045028aeb44a874a1b7eb0d3a76f
016046655d15103013zb005d215z3045z72z37fz,1336649870,Win32 EXE,peexe,7ZSfxMod_x86.exe,1780029,22c433831f5e952c23dbd74259245eb1ac041c1afe09cf624f86eb7c8262edb0,exe,b4e8176583c8a9a13f642cddd1f5312987d552df,e196045028aeb44a874a1b7eb0d3a76f
,,unknown,,,756744,6004debd81c68b8ed28bdb44d9749917b2e98b1a4c8dfb4cffe0b8d62f12bd92,,892382a182992caf794e5e69675fe0afbbfe7ac8,8a91f6fa28b52288c31cff2d8029377f
,,unknown,,,756744,6004debd81c68b8ed28bdb44d9749917b2e98b1a4c8dfb4cffe0b8d62f12bd92,,892382a182992caf794e5e69675fe0afbbfe7ac8,8a91f6fa28b52288c31cff2d8029377f
036056655d1c0560d043z800417z47z62z41fz,1544912667,Win32 EXE,peexe,theropods_hidden_windows_10_features_v1.3.0.exe,3027751,d284b2b5a10c263f551604a4a2a6ff34c6ba2a46578c92ed7dda5227c93bbcfa,exe,b787c49b08d2ac0e183b82fb4a9b1375b1f7f5d2,e59226a18d70150694cad05d3a1d197f
02505d7d1d1d5dcz3@z13z,1080868097,Win32 EXE,peexe,截面特性.exe,253440,652d1b8f987d37e027244e6eb8f7d60b366716d1aa00a461bfb61d1c55f2bd0e,exe,c32bcf42cb98b5701440da8caa2307105f2781cf,bac13dfbe1acf8abfa20d15039281c2b
02505d7d1d1d5dcz3@z13z,1080868097,Win32 EXE,peexe,截面特性.exe,253440,652d1b8f987d37e027244e6eb8f7d60b366716d1aa00a461bfb61d1c55f2bd0e,exe,c32bcf42cb98b5701440da8caa2307105f2781cf,bac13dfbe1acf8abfa20d15039281c2b
025056655d15556128z527z503tz,1627323256,Win32 EXE,peexe,hjWZ.bVG9.exe,239104,eb24370166021f9243fd98c0be7b22ab8cbc22147c15ecef8e75746eb484bb1a,exe,9b6a4bf704d4b430bc18caaef42648e743556dff,580f30acd2a0828b174ba827fd6f4bb4
025056655d15556128z527z503tz,1627323256,Win32 EXE,peexe,hjWZ.bVG9.exe,239104,eb24370166021f9243fd98c0be7b22ab8cbc22147c15ecef8e75746eb484bb1a,exe,9b6a4bf704d4b430bc18caaef42648e743556dff,580f30acd2a0828b174ba827fd6f4bb4
046046655d755az7e!z,1600668439,Win32 EXE,peexe,eBqFtAtMmPuAvJbKs,4659200,743edf989324fe3673cc05d95e1554054d5606df3677ca75cdc58426e753dcb2,exe,76279e5975fa5f12afaf3e7c233e494fd21150b9,2dbb88b9fd64e835e248867dc83521a0
046046655d755az7e!z,1600668439,Win32 EXE,peexe,eBqFtAtMmPuAvJbKs,4659200,743edf989324fe3673cc05d95e1554054d5606df3677ca75cdc58426e753dcb2,exe,76279e5975fa5f12afaf3e7c233e494fd21150b9,2dbb88b9fd64e835e248867dc83521a0
056066655d1515756az8d!z,1585216967,Win32 EXE,peexe,OptionsFile.20-21.PES17.Update.exe,5621915,6930e4389287314c77a44f04df2bd1afa616733f6d04d0c36c19d6fe3e5c8592,exe,50565ac937498b73ad64d4b47e3550e2cbf77fae,429aabdae98e2c80cc2b7562ba2bc279
056066655d1515756az8d!z,1585216967,Win32 EXE,peexe,OptionsFile.20-21.PES17.Update.exe,5621915,6930e4389287314c77a44f04df2bd1afa616733f6d04d0c36c19d6fe3e5c8592,exe,50565ac937498b73ad64d4b47e3550e2cbf77fae,429aabdae98e2c80cc2b7562ba2bc279
056066655d1515756az8d!z,1585216967,Win32 EXE,peexe,OptionsFile.20-21.PES17.Update.exe,5621915,6930e4389287314c77a44f04df2bd1afa616733f6d04d0c36c19d6fe3e5c8592,exe,50565ac937498b73ad64d4b47e3550e2cbf77fae,429aabdae98e2c80cc2b7562ba2bc279
1260566d1555156188zb1hz20401191z801195z13,1599681286,Win32 DLL,pedll,iw4x.dll,2557440,a8cc637b9cc836dbd86af7264368ce79c532344bf1cdec63d47ae6d39026408e,dll,b2aca742a766df48e25d2ff420ca8d518c02b421,64d6384795bc0c3692b17af3a80a60c9
115056655d15556az4a!z,1566160854,Win32 DLL,pedll,vijs3m7so.dll,130560,14e801fbb5190005a8c78fa00d348ec6d179d6b7552bb90f88486b3073a28253,dll,ad50464c3024f0c4858a805bdbf2c828779d3b04,2fa7683ea7bb2ade8e5331e99fd14d0e
046046655d756az81!z,1595970082,Win32 EXE,peexe,csrss.exe,4617728,996f0cfc36e60fdbdcb535a380506dfc3e0dbb20a7b5707015f7675be2a04fb2,exe,230982a08f1253cb16c8535e2731d8f4ce8d45ef,39d83c8d85a31d864f8da1dbd0613236
026046655d15103013zb005d255z3055z72z37fz,1451446862,Win32 EXE,peexe,7ZSfxMod_x86.exe,2756449,2777bc7e5fef107b34e2d28c96858c51081414e299c551d4df14f9d8a9131feb,exe,5742f45625b03fdc67bf1620e0c81672c8db5c66,abc41503982f0541289bb87a62fcdf46
115056655d55556az47!z,1576769541,Win32 DLL,pedll,iny7cuhzn.dll,153088,9c532b1f2d1cf039f988dd66fc7fe6386e6d856cb6b4e2083ce099dadaf9c1f5,dll,4c0032b852aa212c116361c5f1c0e6eeaa9672bd,bc55d55f2727888c8f0bfe5df4c610e3
135056655d55556az5-z,1582619332,Win32 DLL,pedll,9cednl6jh.dll,384000,c9387a7ff5b6a807cdf2c38266a2613b9e7bcc8bf3d8b14d6a471ab25397f4f3,dll,74868564b6b355a21119630b8430e009e4fdd101,dfbf27fcbc6de1135d4bebe9f5df7321
135056655d55556az5-z,1582619332,Win32 DLL,pedll,9cednl6jh.dll,384000,c9387a7ff5b6a807cdf2c38266a2613b9e7bcc8bf3d8b14d6a471ab25397f4f3,dll,74868564b6b355a21119630b8430e009e4fdd101,dfbf27fcbc6de1135d4bebe9f5df7321
135056655d55556az5-z,1582619332,Win32 DLL,pedll,9cednl6jh.dll,384000,c9387a7ff5b6a807cdf2c38266a2613b9e7bcc8bf3d8b14d6a471ab25397f4f3,dll,74868564b6b355a21119630b8430e009e4fdd101,dfbf27fcbc6de1135d4bebe9f5df7321
135056655d55556az5-z,1582619332,Win32 DLL,pedll,9cednl6jh.dll,384000,c9387a7ff5b6a807cdf2c38266a2613b9e7bcc8bf3d8b14d6a471ab25397f4f3,dll,74868564b6b355a21119630b8430e009e4fdd101,dfbf27fcbc6de1135d4bebe9f5df7321
135056655d55556az5-z,1582619332,Win32 DLL,pedll,9cednl6jh.dll,384000,c9387a7ff5b6a807cdf2c38266a2613b9e7bcc8bf3d8b14d6a471ab25397f4f3,dll,74868564b6b355a21119630b8430e009e4fdd101,dfbf27fcbc6de1135d4bebe9f5df7321
016056655d1c0510d043z800427z47z62z41fz,1459714742,Win32 EXE,peexe,WOMicClientSetup5.exe,1826046,c4b7c4249f7d88695564fcd9fb97ef7792b0e889c3aa58c79d1e070fc1fc43e5,exe,e1ec9534c98c574feb852ef5e245fe79515bfa71,8e5413724aedbbcf4b1fefed3f35ef25
016056655d1c0510d043z800427z47z62z41fz,1459714742,Win32 EXE,peexe,WOMicClientSetup5.exe,1826046,c4b7c4249f7d88695564fcd9fb97ef7792b0e889c3aa58c79d1e070fc1fc43e5,exe,e1ec9534c98c574feb852ef5e245fe79515bfa71,8e5413724aedbbcf4b1fefed3f35ef25
016056655d1c0510d043z800427z47z62z41fz,1459714742,Win32 EXE,peexe,WOMicClientSetup5.exe,1826046,c4b7c4249f7d88695564fcd9fb97ef7792b0e889c3aa58c79d1e070fc1fc43e5,exe,e1ec9534c98c574feb852ef5e245fe79515bfa71,8e5413724aedbbcf4b1fefed3f35ef25
0450665665655d1571z13z1004616z27z30500213z19z,1517514181,Win32 EXE,peexe,soul3ss.exe,459776,65dee75f5d4f0d7e0c1065a689ebe79f67c87a4d3d9654193164128e859a0ddd,exe,819364784cf0d3fe440b6c9a3950de7fa093e805,e16f915796d4762014fc3864d4444ac3
0260a6665d5c0d5d151c006016z631z25zbaz1003cz3,1605433710,Win32 EXE,peexe,"incredimail_2_b6-vGN1.exe""; filename*=UTF-8''incredimail_2_b6-vGN1.exe",2456464,8ac720b6a586ac61e67bcb5b7e10395c57b058203006f0d4657ce6ca3e3bf584,exe,dd27965ffc63b49e43b0dad37361446ff9689699,065157829eb84b4f03e15480ca59825f
0260a6665d5c0d5d151c006016z631z25zbaz1003cz3,1605433710,Win32 EXE,peexe,"incredimail_2_b6-vGN1.exe""; filename*=UTF-8''incredimail_2_b6-vGN1.exe",2456464,8ac720b6a586ac61e67bcb5b7e10395c57b058203006f0d4657ce6ca3e3bf584,exe,dd27965ffc63b49e43b0dad37361446ff9689699,065157829eb84b4f03e15480ca59825f
02503e0f7d5019z4nz1fz,1629144929,Win32 EXE,peexe,xk0fuc7fz.dll,256000,cafe54e85c539671c94abdeb4b8adbef3bde8655006003088760d04a86b5f915,exe,cb590e4eaab33bba84082f3acbe01f35e1ce710f,f08e24f57501f2c4e009b6a7d9249e99
02503e0f7d5019z4nz1fz,1629144929,Win32 EXE,peexe,xk0fuc7fz.dll,256000,cafe54e85c539671c94abdeb4b8adbef3bde8655006003088760d04a86b5f915,exe,cb590e4eaab33bba84082f3acbe01f35e1ce710f,f08e24f57501f2c4e009b6a7d9249e99
02503e0f7d5019z4nz1fz,1629144929,Win32 EXE,peexe,xk0fuc7fz.dll,256000,cafe54e85c539671c94abdeb4b8adbef3bde8655006003088760d04a86b5f915,exe,cb590e4eaab33bba84082f3acbe01f35e1ce710f,f08e24f57501f2c4e009b6a7d9249e99
02503e0f7d5019z4nz1fz,1629144929,Win32 EXE,peexe,xk0fuc7fz.dll,256000,cafe54e85c539671c94abdeb4b8adbef3bde8655006003088760d04a86b5f915,exe,cb590e4eaab33bba84082f3acbe01f35e1ce710f,f08e24f57501f2c4e009b6a7d9249e99
02503e0f7d5019z4nz1fz,1629144929,Win32 EXE,peexe,xk0fuc7fz.dll,256000,cafe54e85c539671c94abdeb4b8adbef3bde8655006003088760d04a86b5f915,exe,cb590e4eaab33bba84082f3acbe01f35e1ce710f,f08e24f57501f2c4e009b6a7d9249e99
02503e0f7d5019z4nz1fz,1629144929,Win32 EXE,peexe,xk0fuc7fz.dll,256000,cafe54e85c539671c94abdeb4b8adbef3bde8655006003088760d04a86b5f915,exe,cb590e4eaab33bba84082f3acbe01f35e1ce710f,f08e24f57501f2c4e009b6a7d9249e99
02503e0f7d5019z4nz1fz,1629144929,Win32 EXE,peexe,xk0fuc7fz.dll,256000,cafe54e85c539671c94abdeb4b8adbef3bde8655006003088760d04a86b5f915,exe,cb590e4eaab33bba84082f3acbe01f35e1ce710f,f08e24f57501f2c4e009b6a7d9249e99
02503e0f7d5019z4nz1fz,1629144929,Win32 EXE,peexe,xk0fuc7fz.dll,256000,cafe54e85c539671c94abdeb4b8adbef3bde8655006003088760d04a86b5f915,exe,cb590e4eaab33bba84082f3acbe01f35e1ce710f,f08e24f57501f2c4e009b6a7d9249e99
02503e0f7d5019z4nz1fz,1629144929,Win32 EXE,peexe,xk0fuc7fz.dll,256000,cafe54e85c539671c94abdeb4b8adbef3bde8655006003088760d04a86b5f915,exe,cb590e4eaab33bba84082f3acbe01f35e1ce710f,f08e24f57501f2c4e009b6a7d9249e99
02503e0f7d5019z4nz1fz,1629144929,Win32 EXE,peexe,xk0fuc7fz.dll,256000,cafe54e85c539671c94abdeb4b8adbef3bde8655006003088760d04a86b5f915,exe,cb590e4eaab33bba84082f3acbe01f35e1ce710f,f08e24f57501f2c4e009b6a7d9249e99
2.15037E+22,1622183635,Win32 EXE,peexe,MainRunner.exe,168960,703cf8f0d63094194cb1336a25d5dc66198682ca7d8e062fd7b925e5fa71e285,exe,85f5f040fb749c78ead6720a17f5308e38f6cc33,38cc4abbccf47c8c06f265602e0afd81
2.15037E+22,1622183635,Win32 EXE,peexe,MainRunner.exe,168960,703cf8f0d63094194cb1336a25d5dc66198682ca7d8e062fd7b925e5fa71e285,exe,85f5f040fb749c78ead6720a17f5308e38f6cc33,38cc4abbccf47c8c06f265602e0afd81
2.15037E+22,1622183635,Win32 EXE,peexe,MainRunner.exe,168960,703cf8f0d63094194cb1336a25d5dc66198682ca7d8e062fd7b925e5fa71e285,exe,85f5f040fb749c78ead6720a17f5308e38f6cc33,38cc4abbccf47c8c06f265602e0afd81
2.15037E+22,1622183635,Win32 EXE,peexe,MainRunner.exe,168960,703cf8f0d63094194cb1336a25d5dc66198682ca7d8e062fd7b925e5fa71e285,exe,85f5f040fb749c78ead6720a17f5308e38f6cc33,38cc4abbccf47c8c06f265602e0afd81
"025026651""z",2992269965,Win32 EXE,peexe,Star.exe,220672,417c8fe75e35748881bdb4584579a594440f4bc2eb6508ea56d5e0233c5f253b,exe,6155bca5ff162e58ceeee03ffc20178418291ff8,f19cfddb571831e2e91b5886e5fe829b
246036751512c0be4ca20204,1629692725,Win32 EXE,peexe,Nihon.exe,4206592,f923db34d9ef6ce33613d39999621dc820a13704d01a52c8a058dcf2570d2137,exe,a4fc95c099486eedcb167adce595d88e445397a2,f39998196e43d17e2d5fed5cdb4abec3
0160566d55557560e013z1005114kz1e03dz,3107484422,Win32 EXE,peexe,QPKMYIE.EXE            .FQX,1177600,b0b8e61c9e20822a37af5b000079a792f17e382b3eafa31c000f4589a7c96405,exe,5e1d347d2b040418ffbd4615fa32f3817fbadc33,01c4eb60339048498e9015d2e13adfa0
0160566d55557560e013z1005114kz1e03dz,3107484422,Win32 EXE,peexe,QPKMYIE.EXE            .FQX,1177600,b0b8e61c9e20822a37af5b000079a792f17e382b3eafa31c000f4589a7c96405,exe,5e1d347d2b040418ffbd4615fa32f3817fbadc33,01c4eb60339048498e9015d2e13adfa0
0160566d55557560e013z1005114kz1e03dz,3107484422,Win32 EXE,peexe,QPKMYIE.EXE            .FQX,1177600,b0b8e61c9e20822a37af5b000079a792f17e382b3eafa31c000f4589a7c96405,exe,5e1d347d2b040418ffbd4615fa32f3817fbadc33,01c4eb60339048498e9015d2e13adfa0
0160566d55557560e013z1005114kz1e03dz,3107484422,Win32 EXE,peexe,QPKMYIE.EXE            .FQX,1177600,b0b8e61c9e20822a37af5b000079a792f17e382b3eafa31c000f4589a7c96405,exe,5e1d347d2b040418ffbd4615fa32f3817fbadc33,01c4eb60339048498e9015d2e13adfa0
025046655d755az6e!z,1594148816,Win32 EXE,peexe,csrrsc.exe,279552,141c20c2b38c97a455356282a9f21b9433c6e8cc12b1b9c066012a892a5de449,exe,85fc35e60f3d587a157f855d2c81a3ab1415f8b7,f4ded77660a126cfc9d04fc3e8eebb0e
025046655d755az6e!z,1594148816,Win32 EXE,peexe,csrrsc.exe,279552,141c20c2b38c97a455356282a9f21b9433c6e8cc12b1b9c066012a892a5de449,exe,85fc35e60f3d587a157f855d2c81a3ab1415f8b7,f4ded77660a126cfc9d04fc3e8eebb0e
025046655d755az6e!z,1594148816,Win32 EXE,peexe,csrrsc.exe,279552,141c20c2b38c97a455356282a9f21b9433c6e8cc12b1b9c066012a892a5de449,exe,85fc35e60f3d587a157f855d2c81a3ab1415f8b7,f4ded77660a126cfc9d04fc3e8eebb0e
056076050d050707755019z1nz15z1015z,1630207705,Win32 EXE,peexe,robloxplayerbeta.exe,5222912,85fd9afd23692cb738d1ee9ea9c60c8b8ed5d3cff15a3ed4141da82d61a5577c,exe,195ff39ed7b4701adb0e8e90edafdac489c5babd,ea5d15be1011e2126f95d4d61c7e6d0e
23503655151860a97a8615051,1627340030,Win32 EXE,peexe,istat_app.exe,344064,c8680d889af1570c5b40f58584e79a9ced6a02e86a87c0563a7bf5e272fde625,exe,0198250c6dab4217e2ac7f3181237b166edb54b7,2134d4ac3b876ad8562272c605aa057f
22505f7675161513c081e4d1f94912,1605579851,Win32 EXE,peexe,PovUpdate.exe,275968,ebe56a9c4d9187cdeea063f22a8ef81071cf9ab5c31f3125aeec26014cbb24e1,exe,e82136b9bcaf0e7a4de79623e3c98c5741118b23,1d1bf700c95a45a5c2d3266fa2f1635d
095096665d1c0d5c0515603152z3a001e9z3bz503dz,708992537,Win32 EXE,peexe,ExOptions.exe,970752,a166c132c3468b56a1c7723821d68f67d754ba5e3a04b3360f49de1203843361,exe,c3a030e91e38fbd6024424bc666cb874f268a251,51d5ed33c76eaff65204e915b5959830
015066651d1515551028z2oz27z15z,1587249540,Win32 EXE,peexe,NoGTAVLauncher.exe,155648,6b6faf5cf5d8679554f74b62d20e546c34c35aa24f51a0359c117800f79964c1,exe,30c5d54e555a8e7d5770b845cbf2d1a473312ba4,a9395d0cbe8ac0c3b05e40e95959397b
015046651d155az3etz19z,1605549876,Win32 EXE,peexe,about it.exe,180405,47665139d4ec0617fc039d91ed70a6b45ee32cab806d8d2151066892da1d613f,exe,888bacb546539a82d1239c9e04d1f75e2ffd0710,d10df5c7ec6041691752d17836c43ca8
0460cf7f7f7c0f0c0f0f00101011z11z67z1015z13z10101019z,1335363172,Win32 EXE,peexe,RApolo.0xe,4034560,21ec0addc73e6823ac2a6dd9a90690aab53149e33444c80100771d84d0e97353,exe,7b543771e9318c7496553e80f159fb15b4baab08,d45a94a569e284f4ce39673ce1cdbe40
0460cf7f7f7c0f0c0f0f00101011z11z67z1015z13z10101019z,1335363172,Win32 EXE,peexe,RApolo.0xe,4034560,21ec0addc73e6823ac2a6dd9a90690aab53149e33444c80100771d84d0e97353,exe,7b543771e9318c7496553e80f159fb15b4baab08,d45a94a569e284f4ce39673ce1cdbe40
136096050d05050707751bz1nz1ez1,1627541633,Win32 DLL,pedll,Custom.dll,3182592,db6cfb09c6a726622bf19b73b3720841e7b0d218bec3b53cd3f750058f813fd9,dll,ba50c52879854adfe71dcc2f26a8bc03e9c26ad1,4db34d0c859868c0ece2e39ec7e844bc
136096050d05050707751bz1nz1ez1,1627541633,Win32 DLL,pedll,Custom.dll,3182592,db6cfb09c6a726622bf19b73b3720841e7b0d218bec3b53cd3f750058f813fd9,dll,ba50c52879854adfe71dcc2f26a8bc03e9c26ad1,4db34d0c859868c0ece2e39ec7e844bc
017056655d65656083z32z88nz14z17z3,1625716126,Win32 EXE,peexe,Kade Engine.exe,13319168,3e926acd887b88c1f1b6d486f8184f333a39bdc9b7314a38386895b9e3dc8c64,exe,8b5a8bf4891951da3bb8f7381cdd7544dbaed04c,4105ef965af93837ee4453ce62a55262
046046751d156025z1005c?z1,1587426534,Win32 EXE,peexe,6n7mhwcd5.dll,4586496,3903f8a278a4ee89584ff1322c7216918b2e2f83de6eb58f908e304210473e6f,exe,8e98ee723ab12d4ea8b7c012c7b5a82c792243d2,5d12fbcaaa5bfd69108733c9be07e129
01603e0f7d1019z63z1nz1017z,,Win32 EXE,peexe,sz-viewer.exe,1332224,e2663b7df06923e09e6e37fbca17978ab8f4e0cb64073e13d8cac9f1521a477a,exe,4208979a10e338e94d2edc05d723d971c5d2f589,7746b93dfdeb5d3b5c6144ab714c045d
01603e0f7d1019z63z1nz1017z,,Win32 EXE,peexe,sz-viewer.exe,1332224,e2663b7df06923e09e6e37fbca17978ab8f4e0cb64073e13d8cac9f1521a477a,exe,4208979a10e338e94d2edc05d723d971c5d2f589,7746b93dfdeb5d3b5c6144ab714c045d
22603655156900531z12,1291921093,Win32 EXE,peexe,MegaDownloader.exe,2274281,48fdc9fb2810396991f616e9c461a8336c23ebae7d83d88eee2fffdc5fcf70c5,exe,2b3ea88a1f8433d0d7964725614c0afdf799d769,a71d1add532dc89ca34c3aef31cf1576
22603655156900531z12,1291921093,Win32 EXE,peexe,MegaDownloader.exe,2274281,48fdc9fb2810396991f616e9c461a8336c23ebae7d83d88eee2fffdc5fcf70c5,exe,2b3ea88a1f8433d0d7964725614c0afdf799d769,a71d1add532dc89ca34c3aef31cf1576
22603655156900531z12,1291921093,Win32 EXE,peexe,MegaDownloader.exe,2274281,48fdc9fb2810396991f616e9c461a8336c23ebae7d83d88eee2fffdc5fcf70c5,exe,2b3ea88a1f8433d0d7964725614c0afdf799d769,a71d1add532dc89ca34c3aef31cf1576
016066655d1515556az8d!z,1585216967,Win32 EXE,peexe,Payment  Advice_JPEG.scr,1074199,fb9792e793e280df0448ea45e6b38be1dfd673f8a7e5a448200c1dfe6485d9f5,exe,f19025bdd485ba86914294e4a576e430e040fbf5,1c1e4398595113733a8b54be81f78c96
016066655d1515556az8d!z,1585216967,Win32 EXE,peexe,Payment  Advice_JPEG.scr,1074199,fb9792e793e280df0448ea45e6b38be1dfd673f8a7e5a448200c1dfe6485d9f5,exe,f19025bdd485ba86914294e4a576e430e040fbf5,1c1e4398595113733a8b54be81f78c96
116066651d1555155az48?ze,1625967125,Win32 DLL,pedll,extension-webm.ndll,1992192,d7b2679494af7d78ed63985f77716e19c9afcf72660eba291c5127a23b87bd94,dll,b457af79691efb83494d3bb6b835040d954eba56,726bcb9982bd4dab466d2d745c426355
01603e0f7d1019z63z1nz1017z,,Win32 EXE,peexe,sz-viewer.exe,1332224,e2663b7df06923e09e6e37fbca17978ab8f4e0cb64073e13d8cac9f1521a477a,exe,4208979a10e338e94d2edc05d723d971c5d2f589,7746b93dfdeb5d3b5c6144ab714c045d
22603655156900531z12,1291921093,Win32 EXE,peexe,MegaDownloader.exe,2274281,48fdc9fb2810396991f616e9c461a8336c23ebae7d83d88eee2fffdc5fcf70c5,exe,2b3ea88a1f8433d0d7964725614c0afdf799d769,a71d1add532dc89ca34c3aef31cf1576
22603655156900531z12,1291921093,Win32 EXE,peexe,MegaDownloader.exe,2274281,48fdc9fb2810396991f616e9c461a8336c23ebae7d83d88eee2fffdc5fcf70c5,exe,2b3ea88a1f8433d0d7964725614c0afdf799d769,a71d1add532dc89ca34c3aef31cf1576
e8e6fc413df846fa8d56940985364bc7,,JavaScript,javascript,4B0AFEB88E685F7C3728191803932987.vbs,107636,76dd6ff73e2249de5c3e2d4054f372df0c4435e14c0c776b2d74da032949b8af,js,e55c6bd517a463d8ab980ab3e205205c4498090c,4b0afeb88e685f7c3728191803932987
046046751d156015z1005d?z1,1608182537,Win32 EXE,peexe,x91fio5zj.dll,4592640,d975c2fe8c4714c2a1fe2173f3e1ff585612c1a3e55de6e9fd328b5fc310de1a,exe,81d5eda25610bd85f680e0e7be368d1a4c65db29,187baeaed91acc6379fe883a49c340d4
245036751511b0872d2f4021,1631593753,Win32 EXE,peexe,OperatingSyst.exe,491520,ff257219b5382cf10b73b0358327ee4c1e8c14e9678f5290f007d0a27ee60009,exe,ae3ef01869992793d7b478bb7faec43f5e33dbe7,8c9db6b54eacf445be86e33164f09d9a
016056655d1c0510d043z8003d7z47z62z3ffz,1544912681,Win32 EXE,peexe,TProRecorderInstaller.exe,1348507,aadc7e960d67cd37ef224c77117c9be140300c6d638b16d649dadee22e03b94d,exe,2ea71961de2ecf6f27066dd8b7a4140f95cc04ae,00417653f6245dd39f114e4ad093b43f
016056655d1c0510d043z8003d7z47z62z3ffz,1544912681,Win32 EXE,peexe,TProRecorderInstaller.exe,1348507,aadc7e960d67cd37ef224c77117c9be140300c6d638b16d649dadee22e03b94d,exe,2ea71961de2ecf6f27066dd8b7a4140f95cc04ae,00417653f6245dd39f114e4ad093b43f
016056655d1c0510d043z8003d7z47z62z3ffz,1544912681,Win32 EXE,peexe,TProRecorderInstaller.exe,1348507,aadc7e960d67cd37ef224c77117c9be140300c6d638b16d649dadee22e03b94d,exe,2ea71961de2ecf6f27066dd8b7a4140f95cc04ae,00417653f6245dd39f114e4ad093b43f
016056655d1c0510d043z8003d7z47z62z3ffz,1544912681,Win32 EXE,peexe,TProRecorderInstaller.exe,1348507,aadc7e960d67cd37ef224c77117c9be140300c6d638b16d649dadee22e03b94d,exe,2ea71961de2ecf6f27066dd8b7a4140f95cc04ae,00417653f6245dd39f114e4ad093b43f
036086655d55151d157560b012z6200a56z150e5za0600e53z19z,1626278685,Win32 EXE,peexe,LittleEggSetup.exe,3813280,86eca2f6c3c53fd1325206b810b0cb2b6ee43ba77cdd918993ff2de8f3dccd67,exe,1cf24f747b48957fb0c36914a2b81142357d5484,c70889b47133396c23d32dd6c5720325
036086655d55151d157560b012z6200a56z150e5za0600e53z19z,1626278685,Win32 EXE,peexe,LittleEggSetup.exe,3813280,86eca2f6c3c53fd1325206b810b0cb2b6ee43ba77cdd918993ff2de8f3dccd67,exe,1cf24f747b48957fb0c36914a2b81142357d5484,c70889b47133396c23d32dd6c5720325
036086655d55151d157560b012z6200a56z150e5za0600e53z19z,1626278685,Win32 EXE,peexe,LittleEggSetup.exe,3813280,86eca2f6c3c53fd1325206b810b0cb2b6ee43ba77cdd918993ff2de8f3dccd67,exe,1cf24f747b48957fb0c36914a2b81142357d5484,c70889b47133396c23d32dd6c5720325
016066655d1555555210b02002300a56z161d013zf2za2030e039z,1608738692,Win32 EXE,peexe,XYplorer.exe,1009152,cd2f8f60012f169a4501c6074f6e7599b239a101ca0fec806dad912f2c3bb4af,exe,ff505f36c8b591bf43c92171811135c008c5d26a,2c5140076bf00c3d77c30e4849107ae9
016066655d1555755210b02002300a56z161d013zf2za2030e039z,1625133789,Win32 EXE,peexe,visitors.date.facebook.com,1180160,011b618d3d52261a4136201388020f1b9c98b43415a2c29f6e33cd3d7964938b,exe,977146cb7e43e70ab6d586b2d891f9026b3db68f,d3d79f8f3809ae58a8d030de3f0f8abc
125056655d15156az51nz1ez4,1626279843,Win32 DLL,pedll,converter_x86.dll,206336,e68f11685b0a74d8b6f57647aadf97977c35fd7d774de64b5360961677c3ed33,dll,e9919b2cbacb4b8ccfcc0e7896237d3ad172f2a5,3493dcc0edda5e30e26aa552d7edcc8c
1260b6551d15657f1e1e1bzc?z1,1595080050,Win32 DLL,pedll,EMP.dll,2736936,efe782f2d88b8c5e7abb382bfe94fb20e14a57ec548d92693493f185b4e15bb2,dll,fc930bfe940413c5c86020c1089ca0f3732a7789,5ee0a1bca69f9d0d1f9a24923e52f01b
014056651d15555bzejz2jz,1625788140,Win32 EXE,peexe,svtplay-dl.exe,11776,c86ffe34fc33bd6bd456c2edb09cda8ffecdadb55e6c28454ab07f366f1e249e,exe,fdb17621716119295cfb556cf1356dc289e15fae,638289a3e2fadb26fb06e2ca54b923fa
016046655d15714022z2a00b37z907023z808005b03dz,1622016,Win32 EXE,peexe,KInstallTool,1766544,05595eae414f08ce57569ae338d12a373caf9b56970150987cd2db78ae05659c,exe,29d842fc4af2017d262997b262b8bd7aeee4e098,ac1e50e69e4b74ef020de708e32ac8bd
016046655d15714022z2a00b37z907023z808005b03dz,1622016,Win32 EXE,peexe,KInstallTool,1766544,05595eae414f08ce57569ae338d12a373caf9b56970150987cd2db78ae05659c,exe,29d842fc4af2017d262997b262b8bd7aeee4e098,ac1e50e69e4b74ef020de708e32ac8bd
016046655d15714022z2a00b37z907023z808005b03dz,1622016,Win32 EXE,peexe,KInstallTool,1766544,05595eae414f08ce57569ae338d12a373caf9b56970150987cd2db78ae05659c,exe,29d842fc4af2017d262997b262b8bd7aeee4e098,ac1e50e69e4b74ef020de708e32ac8bd
0370c76d1565155c055d5291z10a3100b29c022z22185zf2z8d03001d236zb,1530632842,Win32 EXE,peexe,SlidesLive.exe,34615296,16e61b14763506b61a130cb0cd828f74d90817b399f358d55a97644149909382,exe,95916f0e08e38ba203c795d382e40a2ea3c6e8ac,6ff884b56ad339d184f79527aca7db47
126056655d155557z1003iz12z14z102020035001,1613712657,Win32 DLL,pedll,Main.dll,2014720,d7faa9c4ea32c5dbea4278e260963513390bfbf82515c9d7876fbeddd146f10e,dll,6a56b8febb52894e55b81895441d529c43a92265,929c7f7e7770f2e7cde00a04cc91854e
215036756512f097243550410,3712164621,Win32 EXE,peexe,EasyMC.exe,185856,2c5f35fd3dff5f80300525b4be72821eaed7cc000b483212460685efc7ad6047,exe,76a78040f517f28986525cfe70f8f6271c19f0ad,fad38e650676e9486bd4456ad15d1f3f
215036756512f097243550410,3712164621,Win32 EXE,peexe,EasyMC.exe,185856,2c5f35fd3dff5f80300525b4be72821eaed7cc000b483212460685efc7ad6047,exe,76a78040f517f28986525cfe70f8f6271c19f0ad,fad38e650676e9486bd4456ad15d1f3f
016066651d1c0555109043z800467z47z62z4403dz,1330111204,Win32 EXE,peexe,4a3b354018901a0c04da4045ff77d1b52b460e3928c724286f38f0aa6a2a.bin,1449176,98994a3b354018901a0c04da4045ff77d1b52b460e3928c724286f38f0aa6a2a,exe,de7735af6e4f722040ad782034ff92965d64b11e,7c6daa2a0b2e2a7911b749132ef4c2cf
0750866d1c0d1c051505105016z1c9z5bz1fz,708992537,Win32 EXE,peexe,minecraft 1.exe,794016,ed76dd949435bde965ed256494c4072b7304d4ff285149977cd21e216d0e650e,exe,9af897669cd49c0a03f0ee058c94d6ccd580a0e3,cefd0b6a81c8a58e1696ae7cf4fb0868
014056655d15156058z1bdz1pz,1626708343,Win32 EXE,peexe,desinstalaGHC.exe,19456,3d17e2b228f4fa783f6663378d8f32c0bc8859efb358a574bd484dad3b243c7b,exe,c1df9689f788fa26115519fc5e36b8b29fc2218c,f38b3602203ae1e7ca6e875f6510abb3
014056655d15156058z1bdz1pz,1626708343,Win32 EXE,peexe,desinstalaGHC.exe,19456,3d17e2b228f4fa783f6663378d8f32c0bc8859efb358a574bd484dad3b243c7b,exe,c1df9689f788fa26115519fc5e36b8b29fc2218c,f38b3602203ae1e7ca6e875f6510abb3
014056655d15156058z1bdz1pz,1626708343,Win32 EXE,peexe,desinstalaGHC.exe,19456,3d17e2b228f4fa783f6663378d8f32c0bc8859efb358a574bd484dad3b243c7b,exe,c1df9689f788fa26115519fc5e36b8b29fc2218c,f38b3602203ae1e7ca6e875f6510abb3
0360a6666d6c0d5d151c0161e020051z9401023zf125z92zbe03cz3,1605433712,Win32 EXE,peexe,software.tmp,3232768,61fbf0a6084bd7bab3ed214f1c372a569af302ee353e59ddb4f9f65436bf9b55,exe,749822f7891caaca3fcda698a1f3a88afa76b26c,34fb289e9fee64cd7d4b588f0af35a87
0360a6666d6c0d5d151c0161e020051z9401023zf125z92zbe03cz3,1605433712,Win32 EXE,peexe,software.tmp,3232768,61fbf0a6084bd7bab3ed214f1c372a569af302ee353e59ddb4f9f65436bf9b55,exe,749822f7891caaca3fcda698a1f3a88afa76b26c,34fb289e9fee64cd7d4b588f0af35a87
036056655d55756150100106200b26z150e5zb0600e63z11d7z,1626261464,Win32 EXE,peexe,TelevisionShowSetup.exe,3933120,a47954555f138b6c951091477cc08659d10eb2e16894a2b0de60ce84d4b5f68e,exe,f17d0da1e8a9dc0f60aff36c15e89b08c2e55aba,b27bf3dcf7f6befc64b03106b7ec35a4
036056655d55756150100106200b26z150e5zb0600e63z11d7z,1626261464,Win32 EXE,peexe,TelevisionShowSetup.exe,3933120,a47954555f138b6c951091477cc08659d10eb2e16894a2b0de60ce84d4b5f68e,exe,f17d0da1e8a9dc0f60aff36c15e89b08c2e55aba,b27bf3dcf7f6befc64b03106b7ec35a4
037046655d155az89!z,1454528305,Win32 EXE,peexe,KOMIDocOfficeManager_6.1.5-33_EN.exe,30687854,a5f742d87a8d32cfca77bde99e0eb1cb4cbd0051de5357dbbb7f51db2a85fee4,exe,3da916a5d85107594a903c42794017b5e675f092,fee6f18453719080e90c4690449a02f1
037046655d155az89!z,1454528305,Win32 EXE,peexe,KOMIDocOfficeManager_6.1.5-33_EN.exe,30687854,a5f742d87a8d32cfca77bde99e0eb1cb4cbd0051de5357dbbb7f51db2a85fee4,exe,3da916a5d85107594a903c42794017b5e675f092,fee6f18453719080e90c4690449a02f1
01503e0f7d11z13z11z6015z1015z13z1fz,1303990700,Win32 EXE,peexe,setup,162272,295ef9ecd464a3ce3956b44088f1dcbd97e1eb2699623c606ae34ef9f918523c,exe,3a580b432f5de7336478768b3e05313a03e6d21b,705e0de4275efc3f1fed585a3c35a247
29503675551380e16b37eb480,1626997764,Win32 EXE,peexe,MutexAuditRu.exe,959488,b6dfe1839752b15b2edd932dc605700d54930cfc892b4c36d650e70e05b718e4,exe,f8a38ba721421be4200f18895302f45aa78000cf,72c137efe88d3e115455378a53e1699d
066076655d155515155048z5f!z,1626080820,Win32 EXE,peexe,mitmproxy.exe,6628305,8cc7f072575cbdfff5e7892cce26991f75a69badd2cc8ad5877c71451e840385,exe,be310135d7e874f451af835759551e5763ca2e41,81db2bde8945985ce805776f4358b5ef
025056651d15556048z4cjz1jz,1626759728,Win32 EXE,peexe,PreConfigAdmin.exe,283648,938e29ed93872deed24d2f5c8317caa81b5fc51d909f89347b7d6182e269a069,exe,342c4294cd12ac69f1d42580fa9749490fb4c18f,90b6f298a9dad5dc43220c056f09e246
046056655d5c05709043z8003b7z47z62z3e03dz,1260053446,Win32 EXE,peexe,utorrent_setup.exe,4059200,0663af4692e19081e3afa8641ee7b9be3a54ec26c88a02bfee5265717c7037df,exe,6f7a53b769c9dc414c573ea9f13e51207a84673b,b54dbd344f0d32e443a3273377b0dc99
0750866d1c0d5c051565603172z36002a7z203bz403dz,708992537,Win32 EXE,peexe,doc_11900353674765345789.scr,754176,ce7631ce4c2db623fb57e48426d6af3688df480f79ab73d70668b8ac4529f504,exe,b16a1b7d39f8ff79dcb1b9659abe5ebec65907b0,e97095f7a58ca1c6c583bbd8ece4f6f4
016066651d1c0575709043z800467z47z62z4403dz,1330111204,Win32 EXE,peexe,C1F8A53FC91C813B1D8A66D70D30E2C9.exe,1318912,1d0f57d2f0c24b6812f56b29d74b40bf48a90d4b0824f9e66e60c7de7fd48a4b,exe,6f71d7ec77a265ed519ff1f3abe25005d4c92992,c1f8a53fc91c813b1d8a66d70d30e2c9
016046655d15103013zb005d215z3045z72z37fz,1336649870,Win32 EXE,peexe,7ZSfxMod_x86.exe,1780029,22c433831f5e952c23dbd74259245eb1ac041c1afe09cf624f86eb7c8262edb0,exe,b4e8176583c8a9a13f642cddd1f5312987d552df,e196045028aeb44a874a1b7eb0d3a76f
016046655d15103013zb005d215z3045z72z37fz,1336649870,Win32 EXE,peexe,7ZSfxMod_x86.exe,1780029,22c433831f5e952c23dbd74259245eb1ac041c1afe09cf624f86eb7c8262edb0,exe,b4e8176583c8a9a13f642cddd1f5312987d552df,e196045028aeb44a874a1b7eb0d3a76f
016046655d15103013zb005d215z3045z72z37fz,1336649870,Win32 EXE,peexe,7ZSfxMod_x86.exe,1780029,22c433831f5e952c23dbd74259245eb1ac041c1afe09cf624f86eb7c8262edb0,exe,b4e8176583c8a9a13f642cddd1f5312987d552df,e196045028aeb44a874a1b7eb0d3a76f
,,unknown,,,756744,6004debd81c68b8ed28bdb44d9749917b2e98b1a4c8dfb4cffe0b8d62f12bd92,,892382a182992caf794e5e69675fe0afbbfe7ac8,8a91f6fa28b52288c31cff2d8029377f
,,unknown,,,756744,6004debd81c68b8ed28bdb44d9749917b2e98b1a4c8dfb4cffe0b8d62f12bd92,,892382a182992caf794e5e69675fe0afbbfe7ac8,8a91f6fa28b52288c31cff2d8029377f
036056655d1c0560d043z800417z47z62z41fz,1544912667,Win32 EXE,peexe,theropods_hidden_windows_10_features_v1.3.0.exe,3027751,d284b2b5a10c263f551604a4a2a6ff34c6ba2a46578c92ed7dda5227c93bbcfa,exe,b787c49b08d2ac0e183b82fb4a9b1375b1f7f5d2,e59226a18d70150694cad05d3a1d197f
02505d7d1d1d5dcz3@z13z,1080868097,Win32 EXE,peexe,截面特性.exe,253440,652d1b8f987d37e027244e6eb8f7d60b366716d1aa00a461bfb61d1c55f2bd0e,exe,c32bcf42cb98b5701440da8caa2307105f2781cf,bac13dfbe1acf8abfa20d15039281c2b
02505d7d1d1d5dcz3@z13z,1080868097,Win32 EXE,peexe,截面特性.exe,253440,652d1b8f987d37e027244e6eb8f7d60b366716d1aa00a461bfb61d1c55f2bd0e,exe,c32bcf42cb98b5701440da8caa2307105f2781cf,bac13dfbe1acf8abfa20d15039281c2b
025056655d15556128z527z503tz,1627323256,Win32 EXE,peexe,hjWZ.bVG9.exe,239104,eb24370166021f9243fd98c0be7b22ab8cbc22147c15ecef8e75746eb484bb1a,exe,9b6a4bf704d4b430bc18caaef42648e743556dff,580f30acd2a0828b174ba827fd6f4bb4
025056655d15556128z527z503tz,1627323256,Win32 EXE,peexe,hjWZ.bVG9.exe,239104,eb24370166021f9243fd98c0be7b22ab8cbc22147c15ecef8e75746eb484bb1a,exe,9b6a4bf704d4b430bc18caaef42648e743556dff,580f30acd2a0828b174ba827fd6f4bb4
046046655d755az7e!z,1600668439,Win32 EXE,peexe,eBqFtAtMmPuAvJbKs,4659200,743edf989324fe3673cc05d95e1554054d5606df3677ca75cdc58426e753dcb2,exe,76279e5975fa5f12afaf3e7c233e494fd21150b9,2dbb88b9fd64e835e248867dc83521a0
046046655d755az7e!z,1600668439,Win32 EXE,peexe,eBqFtAtMmPuAvJbKs,4659200,743edf989324fe3673cc05d95e1554054d5606df3677ca75cdc58426e753dcb2,exe,76279e5975fa5f12afaf3e7c233e494fd21150b9,2dbb88b9fd64e835e248867dc83521a0
056066655d1515756az8d!z,1585216967,Win32 EXE,peexe,OptionsFile.20-21.PES17.Update.exe,5621915,6930e4389287314c77a44f04df2bd1afa616733f6d04d0c36c19d6fe3e5c8592,exe,50565ac937498b73ad64d4b47e3550e2cbf77fae,429aabdae98e2c80cc2b7562ba2bc279
056066655d1515756az8d!z,1585216967,Win32 EXE,peexe,OptionsFile.20-21.PES17.Update.exe,5621915,6930e4389287314c77a44f04df2bd1afa616733f6d04d0c36c19d6fe3e5c8592,exe,50565ac937498b73ad64d4b47e3550e2cbf77fae,429aabdae98e2c80cc2b7562ba2bc279
056066655d1515756az8d!z,1585216967,Win32 EXE,peexe,OptionsFile.20-21.PES17.Update.exe,5621915,6930e4389287314c77a44f04df2bd1afa616733f6d04d0c36c19d6fe3e5c8592,exe,50565ac937498b73ad64d4b47e3550e2cbf77fae,429aabdae98e2c80cc2b7562ba2bc279
1260566d1555156188zb1hz20401191z801195z13,1599681286,Win32 DLL,pedll,iw4x.dll,2557440,a8cc637b9cc836dbd86af7264368ce79c532344bf1cdec63d47ae6d39026408e,dll,b2aca742a766df48e25d2ff420ca8d518c02b421,64d6384795bc0c3692b17af3a80a60c9
115056655d15556az4a!z,1566160854,Win32 DLL,pedll,vijs3m7so.dll,130560,14e801fbb5190005a8c78fa00d348ec6d179d6b7552bb90f88486b3073a28253,dll,ad50464c3024f0c4858a805bdbf2c828779d3b04,2fa7683ea7bb2ade8e5331e99fd14d0e
046046655d756az81!z,1595970082,Win32 EXE,peexe,csrss.exe,4617728,996f0cfc36e60fdbdcb535a380506dfc3e0dbb20a7b5707015f7675be2a04fb2,exe,230982a08f1253cb16c8535e2731d8f4ce8d45ef,39d83c8d85a31d864f8da1dbd0613236
026046655d15103013zb005d255z3055z72z37fz,1451446862,Win32 EXE,peexe,7ZSfxMod_x86.exe,2756449,2777bc7e5fef107b34e2d28c96858c51081414e299c551d4df14f9d8a9131feb,exe,5742f45625b03fdc67bf1620e0c81672c8db5c66,abc41503982f0541289bb87a62fcdf46
115056655d55556az47!z,1576769541,Win32 DLL,pedll,iny7cuhzn.dll,153088,9c532b1f2d1cf039f988dd66fc7fe6386e6d856cb6b4e2083ce099dadaf9c1f5,dll,4c0032b852aa212c116361c5f1c0e6eeaa9672bd,bc55d55f2727888c8f0bfe5df4c610e3
135056655d55556az5-z,1582619332,Win32 DLL,pedll,9cednl6jh.dll,384000,c9387a7ff5b6a807cdf2c38266a2613b9e7bcc8bf3d8b14d6a471ab25397f4f3,dll,74868564b6b355a21119630b8430e009e4fdd101,dfbf27fcbc6de1135d4bebe9f5df7321
135056655d55556az5-z,1582619332,Win32 DLL,pedll,9cednl6jh.dll,384000,c9387a7ff5b6a807cdf2c38266a2613b9e7bcc8bf3d8b14d6a471ab25397f4f3,dll,74868564b6b355a21119630b8430e009e4fdd101,dfbf27fcbc6de1135d4bebe9f5df7321
135056655d55556az5-z,1582619332,Win32 DLL,pedll,9cednl6jh.dll,384000,c9387a7ff5b6a807cdf2c38266a2613b9e7bcc8bf3d8b14d6a471ab25397f4f3,dll,74868564b6b355a21119630b8430e009e4fdd101,dfbf27fcbc6de1135d4bebe9f5df7321
135056655d55556az5-z,1582619332,Win32 DLL,pedll,9cednl6jh.dll,384000,c9387a7ff5b6a807cdf2c38266a2613b9e7bcc8bf3d8b14d6a471ab25397f4f3,dll,74868564b6b355a21119630b8430e009e4fdd101,dfbf27fcbc6de1135d4bebe9f5df7321
135056655d55556az5-z,1582619332,Win32 DLL,pedll,9cednl6jh.dll,384000,c9387a7ff5b6a807cdf2c38266a2613b9e7bcc8bf3d8b14d6a471ab25397f4f3,dll,74868564b6b355a21119630b8430e009e4fdd101,dfbf27fcbc6de1135d4bebe9f5df7321
016056655d1c0510d043z800427z47z62z41fz,1459714742,Win32 EXE,peexe,WOMicClientSetup5.exe,1826046,c4b7c4249f7d88695564fcd9fb97ef7792b0e889c3aa58c79d1e070fc1fc43e5,exe,e1ec9534c98c574feb852ef5e245fe79515bfa71,8e5413724aedbbcf4b1fefed3f35ef25
016056655d1c0510d043z800427z47z62z41fz,1459714742,Win32 EXE,peexe,WOMicClientSetup5.exe,1826046,c4b7c4249f7d88695564fcd9fb97ef7792b0e889c3aa58c79d1e070fc1fc43e5,exe,e1ec9534c98c574feb852ef5e245fe79515bfa71,8e5413724aedbbcf4b1fefed3f35ef25
016056655d1c0510d043z800427z47z62z41fz,1459714742,Win32 EXE,peexe,WOMicClientSetup5.exe,1826046,c4b7c4249f7d88695564fcd9fb97ef7792b0e889c3aa58c79d1e070fc1fc43e5,exe,e1ec9534c98c574feb852ef5e245fe79515bfa71,8e5413724aedbbcf4b1fefed3f35ef25
0450665665655d1571z13z1004616z27z30500213z19z,1517514181,Win32 EXE,peexe,soul3ss.exe,459776,65dee75f5d4f0d7e0c1065a689ebe79f67c87a4d3d9654193164128e859a0ddd,exe,819364784cf0d3fe440b6c9a3950de7fa093e805,e16f915796d4762014fc3864d4444ac3
0260a6665d5c0d5d151c006016z631z25zbaz1003cz3,1605433710,Win32 EXE,peexe,"incredimail_2_b6-vGN1.exe""; filename*=UTF-8''incredimail_2_b6-vGN1.exe",2456464,8ac720b6a586ac61e67bcb5b7e10395c57b058203006f0d4657ce6ca3e3bf584,exe,dd27965ffc63b49e43b0dad37361446ff9689699,065157829eb84b4f03e15480ca59825f
0260a6665d5c0d5d151c006016z631z25zbaz1003cz3,1605433710,Win32 EXE,peexe,"incredimail_2_b6-vGN1.exe""; filename*=UTF-8''incredimail_2_b6-vGN1.exe",2456464,8ac720b6a586ac61e67bcb5b7e10395c57b058203006f0d4657ce6ca3e3bf584,exe,dd27965ffc63b49e43b0dad37361446ff9689699,065157829eb84b4f03e15480ca59825f
02503e0f7d5019z4nz1fz,1629144929,Win32 EXE,peexe,xk0fuc7fz.dll,256000,cafe54e85c539671c94abdeb4b8adbef3bde8655006003088760d04a86b5f915,exe,cb590e4eaab33bba84082f3acbe01f35e1ce710f,f08e24f57501f2c4e009b6a7d9249e99
02503e0f7d5019z4nz1fz,1629144929,Win32 EXE,peexe,xk0fuc7fz.dll,256000,cafe54e85c539671c94abdeb4b8adbef3bde8655006003088760d04a86b5f915,exe,cb590e4eaab33bba84082f3acbe01f35e1ce710f,f08e24f57501f2c4e009b6a7d9249e99
02503e0f7d5019z4nz1fz,1629144929,Win32 EXE,peexe,xk0fuc7fz.dll,256000,cafe54e85c539671c94abdeb4b8adbef3bde8655006003088760d04a86b5f915,exe,cb590e4eaab33bba84082f3acbe01f35e1ce710f,f08e24f57501f2c4e009b6a7d9249e99
02503e0f7d5019z4nz1fz,1629144929,Win32 EXE,peexe,xk0fuc7fz.dll,256000,cafe54e85c539671c94abdeb4b8adbef3bde8655006003088760d04a86b5f915,exe,cb590e4eaab33bba84082f3acbe01f35e1ce710f,f08e24f57501f2c4e009b6a7d9249e99
02503e0f7d5019z4nz1fz,1629144929,Win32 EXE,peexe,xk0fuc7fz.dll,256000,cafe54e85c539671c94abdeb4b8adbef3bde8655006003088760d04a86b5f915,exe,cb590e4eaab33bba84082f3acbe01f35e1ce710f,f08e24f57501f2c4e009b6a7d9249e99
02503e0f7d5019z4nz1fz,1629144929,Win32 EXE,peexe,xk0fuc7fz.dll,256000,cafe54e85c539671c94abdeb4b8adbef3bde8655006003088760d04a86b5f915,exe,cb590e4eaab33bba84082f3acbe01f35e1ce710f,f08e24f57501f2c4e009b6a7d9249e99
02503e0f7d5019z4nz1fz,1629144929,Win32 EXE,peexe,xk0fuc7fz.dll,256000,cafe54e85c539671c94abdeb4b8adbef3bde8655006003088760d04a86b5f915,exe,cb590e4eaab33bba84082f3acbe01f35e1ce710f,f08e24f57501f2c4e009b6a7d9249e99
02503e0f7d5019z4nz1fz,1629144929,Win32 EXE,peexe,xk0fuc7fz.dll,256000,cafe54e85c539671c94abdeb4b8adbef3bde8655006003088760d04a86b5f915,exe,cb590e4eaab33bba84082f3acbe01f35e1ce710f,f08e24f57501f2c4e009b6a7d9249e99
02503e0f7d5019z4nz1fz,1629144929,Win32 EXE,peexe,xk0fuc7fz.dll,256000,cafe54e85c539671c94abdeb4b8adbef3bde8655006003088760d04a86b5f915,exe,cb590e4eaab33bba84082f3acbe01f35e1ce710f,f08e24f57501f2c4e009b6a7d9249e99
02503e0f7d5019z4nz1fz,1629144929,Win32 EXE,peexe,xk0fuc7fz.dll,256000,cafe54e85c539671c94abdeb4b8adbef3bde8655006003088760d04a86b5f915,exe,cb590e4eaab33bba84082f3acbe01f35e1ce710f,f08e24f57501f2c4e009b6a7d9249e99
2.15037E+22,1622183635,Win32 EXE,peexe,MainRunner.exe,168960,703cf8f0d63094194cb1336a25d5dc66198682ca7d8e062fd7b925e5fa71e285,exe,85f5f040fb749c78ead6720a17f5308e38f6cc33,38cc4abbccf47c8c06f265602e0afd81
2.15037E+22,1622183635,Win32 EXE,peexe,MainRunner.exe,168960,703cf8f0d63094194cb1336a25d5dc66198682ca7d8e062fd7b925e5fa71e285,exe,85f5f040fb749c78ead6720a17f5308e38f6cc33,38cc4abbccf47c8c06f265602e0afd81
2.15037E+22,1622183635,Win32 EXE,peexe,MainRunner.exe,168960,703cf8f0d63094194cb1336a25d5dc66198682ca7d8e062fd7b925e5fa71e285,exe,85f5f040fb749c78ead6720a17f5308e38f6cc33,38cc4abbccf47c8c06f265602e0afd81
2.15037E+22,1622183635,Win32 EXE,peexe,MainRunner.exe,168960,703cf8f0d63094194cb1336a25d5dc66198682ca7d8e062fd7b925e5fa71e285,exe,85f5f040fb749c78ead6720a17f5308e38f6cc33,38cc4abbccf47c8c06f265602e0afd81
